,importance,stddev,p_value,n,p99_high,p99_low
EK,0.15396,0.005620320275571455,2.127270036661671e-07,5,0.1655323171284831,0.14238768287151693
SD,0.001960000000000006,0.0012033287165193025,0.01096155796538018,5,0.004437670459083585,-0.0005176704590835728
Skewness_DMSNR_Curve,0.0004400000000000182,0.0004979959839195435,0.05969670203983015,5,0.0014653806139263222,-0.0005853806139262859
EK_DMSNR_Curve,8.00000000000134e-05,0.00041472882706654357,0.34422854488797405,5,0.0009339323870915785,-0.0007739323870915516
SD_DMSNR_Curve,3.999999999999559e-05,0.0006387487769068604,0.4477029022436013,5,0.0013551925600975246,-0.0012751925600975335
Skewness,-3.999999999997339e-05,0.00032863353450310063,0.6005170704035455,5,0.000636660989740061,-0.0007166609897400079
Mean_DMSNR_Curve,-0.00020000000000000017,0.0005830951894845515,0.7570668778603019,5,0.0010006010543806717,-0.0014006010543806719
Mean_Integrated,-0.00023999999999999578,0.00038470768123342495,0.8822518198702761,5,0.0005521184328848471,-0.0010321184328848387
